{
  "accuracy": 0.8476190476190476,
  "macro_f1": 0.8388888888888889,
  "checkpoint": "checkpoints\\best_mix.ckpt"
}